role,accesskey,secretkey,created,active
Intern Software Developer,ATPBTVHW6TRO6RKHK3U2M,PogHjvWvafgrUaiVabmQYmTwMqbvxCbD,2006-12-03,false
Chief Architect,YPY3TEVGA1L15L5LVOOW3,UbcDfSyjqXbEFeZpwFtmyZRrKA/MIPbX,1968-08-01,false
VP of Product Management/Head of Product,OI6KOL3A5JJIN22EGGRFT,KwGiMKoQeJmohZCWGclKk/KLGKOphHfN,1910-03-04,true
Senior Software Engineer/Senior Software Developer,WMQ65PQC2DXGENVYG4SCX,QlfpgTKzsrnxVgAnDNzzoi/YfgxDfKBc,1916-03-16,true
Chief Architect,K1EUUQQ7QDL1V27WAIOSQ,HJUtXJXczzpOKIjcpPqTsudTTmPSaMTe,1956-02-22,true
CTO,HAAKYHFJ5FUUQCAYVHM35,qwVWQhrWSqgetpibUxFuHuqsNqaJiHrD,1938-06-09,false
Software Engineer,X5PDYKJDD2ICQFOA4EALN,OazVMBUkQcLQMOLAXFVfUD/BoWLVoKsk,1977-10-12,false
VP of Marketing,K22TD4DYGDOAXACFZRZBX,ivMrzRsmKAlbmdQfWFcnkxDmZWvTsGOG,1954-08-22,false
Product Manager,ODXWBOW251MZGRYDS777S,jjimYkitOYK/lTsEzykbW/JySoECmDMw,1948-11-28,true
CEO,I74B51FDW47NICSAQRSW1,WXIHJfwqFijdjnuwaiEgitevkExpSZmh,2007-07-05,false
CEO,WR21U6N2TPQH4ZG1UBC4O,taZStVhrkrZINbAsJM/LoSsWqxjPMRrz,1928-02-29,false
VP of Product Management/Head of Product,RPAURLIX7VCVC7LCQQL4R,mRCsgwiRVUHUpaGqlxeHdUIhUlCagHb/,1910-07-26,true
Software Engineer,ZEISUCK7XE4PCNZPFA4O7,PwUsTHwXtdoZKXqmR/lTtRYmSrEvgahz,1967-07-06,false
Intern Software Developer,MQN2A2ZHM3ZCVT6JIQVAZ,biDbeFRVvKBJcMMpDArxawEJAJrnORWo,1968-10-23,false
Software Developer,IQJSHNLHQQDZ24GBGFMAR,hlXfNzfbSklJZtyuQghwKRrtkzQ/tWPG,1947-08-28,true
CIO/Chief Digital Officer/Chief Innovation Officer,QTI6SD34LHJJRDKNKSW44,fOCFJBBgCrXpNflbSXaQENnbGdOzXCmH,1929-08-14,true
Principal Software Engineer,IAVSX3J1K7VDGHKZZJ6HH,/mXXEKgQpNgCKRCcnVR/ceTTlVVYHtbo,1920-01-01,true
Software Architect,4BJNSJPVOHTFCWZRKC6AN,wiFKdp/KXKD/VYwNBWhkRpDWmuJDhbQO,2007-12-14,true
Software Engineer,TSFIMGP7V1IOYY6MY7RPO,jq/WaUgVsrFHJe/USoSJDQBNqbBJqlIz,1903-07-30,true
Senior Software Engineer/Senior Software Developer,D5GCFROXBB6QYTYBKNNMA,zWdlCCWInjRGUAGVlYXAVoTkBmYBRoqn,2000-05-28,false
Software Architect,5MOJ6MJKHGYRIZBHFXTWZ,xPVufXSSYgqknqDRMnHeskcOxp/BpKQK,1976-05-08,false
CEO,UZFHCUH674EUW7BRM5K61,mvVKjBsoaaIimAGCwqdyXDehYgUsQXPw,1915-05-28,false
Junior Software Developer,FJLKBKWO3GINIWQKRTCA7,GwLuoYXmrGKNinTvuWwgqephKbGcdOP/,2019-07-26,false
VP of Product Management/Head of Product,W3UT7XQ4DICMVF23THP5R,bDZGMjJfICEzGedy/SiYzipOEMRtYrVk,1971-12-01,true
CIO/Chief Digital Officer/Chief Innovation Officer,SSOP3B3C1VKURPKT23OLC,GeHvRVKgWKtxdVtfpdlUmNkKaNHSKzrK,1908-02-29,false
Intern Software Developer,HRCXKE54L2XBSLARPUX44,zhqIHKtgMLaDvjuAcjCPjcnDFHaNvRxp,1919-01-14,false
Intern Software Developer,AHTT5Z74RKOXBMESGHJMW,HRFhAPzlSSRfeYdHpjUmYfzhyiS/rjhG,1949-07-25,true
VP of Product Management/Head of Product,KIFYZRVJ3MUR3BF15YNW5,QEANFDJafzPETzY/cSpnRD/bIiZTezqs,1910-12-04,false
Product Manager,A76C5QGY4N37MY5BIKM4H,hUVHXoaXXJzNCmdgbflKwfRDYclSQQje,1961-01-19,false
Intern Software Developer,X5DF3FJPXJ4ZSUHJ7RZA3,iEKiHZvDRzPUdKwGHRLLMjmiwjSFBmgm,1917-07-08,true
Principal Software Engineer,TNLM1RPBDIFDKVDJZB11F,UvIczbwHbQmxNYMXLnUtYHKqkzaZbxHv,1983-04-16,true
VP of Marketing,LTGGDMGIECHJRYMTRH2TT,fdfMNaZeUophwYRoLUvxERRmvxOLSsyM,1988-03-09,false
VP of Product Management/Head of Product,H5OEPK4B5BVWFYXAQ1U6J,nosjpYaJcTReXTylgqWIQlznSHyBeMtV,2018-12-10,false
Junior Software Developer,ZVBEZLAEVTK126KXWWPRW,qkHLvYHcKZdX/NYZjGvmjAFatZmDnKoE,1940-11-05,true
VP of Engineering/Director of Engineering,USFKO4CLRZWK2NIYRAVJS,HTnFcXNFWGQEfNfFbxOdaGQmelBhIXQV,1913-08-01,false
CTO,PMTPZL2LW3DKKXIUKSGDO,uIjYGAFI/EGpEudjZLQODHztrCitweyZ,1983-03-15,true
Chief Architect,R4XDEFVY1NN7VF5YX3E2Z,PueVbWMvKnnIgwidrhBSNUAHFvmcg/bL,1953-09-01,false
Chief Architect,H5C655WTOTOZBKMGILDH7,IInAunyUscPe/rYWUvzTHapyGpfUnVGA,1967-11-08,false
Chief Architect,BUIDCFIMGDE5K5ISUQSTJ,MCAlRHIdWtbEOJWURdlxExVWUmHuTreu,1908-08-12,false
VP of Product Management/Head of Product,SIGXY64W1E2N5EYF3AA5J,IysNZpdRuRbcIFKjYbGMFlDRJM/jvcVN,1977-04-27,false
VP of Product Management/Head of Product,6KBQVLJ145JQO2GEYL3YO,yGKgCPhYdCHgqlvupqmBxYAiKSxvMfaK,1965-04-25,true
Technical Lead/Engineering Lead/Team Lead,TDGULIIVD2VFYEOYWA2TZ,SGhHdsrBIuHmhgZpPtwDMBErpPzUlYvx,1948-09-29,false
Engineering Project Manager/Engineering Manager,TSQ7ZCGBDLS5F4R63SATB,YdLkIVJhKe/aTDRzpeERdxEhFrKuPVvW,1995-10-02,true
Principal Software Engineer,EJLXFHPQ3L4ZD6K1AWN3O,UcRJWmUmCClLFkRcqXtsbjaMAGYmaBwe,1929-12-09,true
Software Engineer,XWUIPRFZN3TZPQ5FZDQJD,OzMjfdXdZtr/NXHHiaoDgNpkmydkxvHx,1971-09-29,false
Software Developer,1TRMQBYJO24E56YPQLHBQ,/EJAWSPqJVXZDbAXIvREpWddUXaTf/Uh,1974-05-27,false
Intern Software Developer,76QXRCHJUXBT1DZ4UHKFY,aPLfeLgfgk/JiTIpSQRjmQlVQAzEZcMi,1952-05-16,false
Technical Lead/Engineering Lead/Team Lead,BOMCUAE7E2VBXGL2P1ZA1,ZkZXvEWjqoVekAAoFJMwlZXIxEjzLDvz,2004-02-03,true
VP of Marketing,51XNIID5CEZOPX22Q2M2B,lZuobXhMTIblDGRbGIjYGFntRvzDzCOv,2006-05-29,true
Principal Software Engineer,LIP6MZWTN6KV52ER11QHS,mmdKqKaeykHInwcfKlTmPgUfqROMxzWL,2002-12-16,true
CEO,USD47G22V4RSVSTHNXA4J,bSJxTZsNBu/qTZdridifYQAbpdxzWWuB,1980-11-08,false
Software Developer,GWVV4YY1K3VSVEI21Q6KT,yLhjMNkzyTovSjUwcmDFpNzQJbYeIKHO,2003-07-17,true
CIO/Chief Digital Officer/Chief Innovation Officer,XVNAYYPWSVTDRO3RYNH2K,tZgNpdsZZqBttIvKMKKvSXDZcOMBVXFO,1911-02-17,false
Senior Software Engineer/Senior Software Developer,2SZM2SYH4UP3K7QNFWBIW,jwUtQGEQDORPmXBYpK/FvipcOolIbWZP,1989-11-15,true
Software Architect,L7PAM2UOH64NFXVE7ZG7Q,rIFWZDtsHvCltXnPxySnakTdDDe/ZVLG,2012-03-01,true
VP of Marketing,WGL2ZH3MBOR4DTPZAET54,TTCucJnxevCHqAXzjVRYBFudQEjjUNud,2015-04-29,true
VP of Product Management/Head of Product,XVAOXQ5XPIKXSTEVGMWOO,ygAykYhmZhGZGujaxGPVpsAGRNVisKZk,1991-07-23,true
Engineering Project Manager/Engineering Manager,4JM7CHR4DTCELZS74Z7T4,uUOFXzJbGZ/lhhIIpCMPNZBCoQkRjreB,1959-07-28,true
CEO,LB24GUJHVQWFDMQDUF1JJ,cJvJDhsCcPNWpQEfsQXXNFuBnYpwugFZ,1986-05-17,true
CIO/Chief Digital Officer/Chief Innovation Officer,PL5RNRRJHDU7DUIGX3SKY,ujEJVPUdRXypIzxxxNTavR/YsiqDaPpX,1931-10-16,false
Software Engineer,2HFWC55VW5WLJEGNSSTKO,ZwScYuhsYaQTHrZuFAclLgNXSpJAkmEC,1997-03-06,false
Technical Lead/Engineering Lead/Team Lead,273EPXC3LKPO2S2ECPIZ5,ChLwOsAFYVPigFDFW/VJjHSbdquhLceU,1942-08-08,false
Intern Software Developer,MJA2ZDLQTQCESUTWBSK6B,eEJqHTkTCCJtWhhyuhdPFtHjErHTdLPV,1909-01-13,false
CIO/Chief Digital Officer/Chief Innovation Officer,SEWBI6L2EU6MVIZGA3IHD,pEZZAolacIrgmI/AnRxpfiqhUmFfvoYU,1957-02-28,false
Product Manager,KQWGMO1BO6P5GHV5JSX6F,GJoPoibVNTzZudYjVTpqrYkhrPyQrMoe,1935-02-24,true
CEO,63YKM7XY37QMAZ6DTKJ7N,MwMxIMVfXYx/CCwOMneufemeuDoYicd/,1913-05-03,false
Junior Software Developer,E67EPKVDKA2PKEFZRNNUN,JvcQmmuO/gVhAmMeJMPHrFswak/cmLxS,1987-05-09,false
Software Engineer,PO6EXWIY4ZVTNETIE5LAH,btuGbjkYZBtwMkxCsmBZdHYz/NeeQlMD,1913-03-18,true
VP of Engineering/Director of Engineering,UWW1X7IXHHUBULNA3HVP6,tDeJGjTXOucptEeyKivNVsFlLMZKQrZO,1974-11-06,true
Principal Software Engineer,73FWNG2T1UDH4GDLNS6NK,kAqyHVOZwCGBDRMxAQnHPdvskEzGzc/m,1979-07-27,false
Technical Lead/Engineering Lead/Team Lead,D2CTWRVP1G2KYGUYZAN27,NbiPfsIomICAIAkfcXXFpAlrqraXHmjv,1962-10-11,true
Junior Software Developer,A4FKC35STP3WC1NYP1542,MOZcvJqxEhEzUzgthVAY/aSMXANknmQj,1991-10-17,true
Technical Lead/Engineering Lead/Team Lead,HDWGPFGN6OKDJHB3F4WS5,lNEKxHUrdugPoyGEbIjswxYblVqrmpGM,1960-03-13,true
VP of Product Management/Head of Product,G55ZG3TUNAF2UKEYTG2XH,VLjJVlhry//jGYYrzDwMHHYEzruCaoiJ,1965-09-26,true
CEO,2CS3QY5B2DLSQ3VDRMI3D,nAODCJfgFvCeBRovtInCNpPrLInYzSri,1937-06-13,false
Chief Architect,MQQ7E7JSACKRLKQ3K7LME,JnFMoQusAMySduHGaiAzKacEKskAoBJY,1901-06-15,true
Senior Software Engineer/Senior Software Developer,ZKM1YVXOHYKHZUS37NXS3,XmygySlCbhJ/xndOGXLuZjejUszClTeg,1990-07-24,false
VP of Product Management/Head of Product,3TDVGOKU5BPVN2HQ1VVIR,DdOSRUfRjVStaXoV/UICTRUMOvkSyYBj,1973-01-11,true
Engineering Project Manager/Engineering Manager,BHC2SRW7NMAOIUK154BSE,iFjrDfzeCFBwOjrDcHAQMbhbMFAzXvQR,2018-12-05,true
Senior Software Engineer/Senior Software Developer,O2PI3RZT2NVMBCRAB6JLC,pzIpMbnlRrZpoTzYecrIqlor/TRWYYuO,1969-08-31,true
Software Engineer,RKWW6PPJHCLDRQJFQIZS6,vJrpchhUqyRcBVQyeAjclTxDRhxsxiwH,1902-02-14,false
VP of Engineering/Director of Engineering,RQFE6MC3BOGGI4PQEFSZG,wiQslncncgArQQyTbIVCcrUfmpDMDRaH,2010-08-06,false
Senior Software Engineer/Senior Software Developer,NVFSO5G1Y5EWMCQOOXM2H,jKfkRE/IhElh/eopukpgbkhVbVxVXFUD,1924-08-20,false
Software Developer,EQHP6CU5OHSMSX7C7V4WH,rxnhjschBshhHIoJjWOuNIatYQqnogCT,1920-08-16,true
CEO,ZDS6TP27L4ZCB7BWYCR1Q,IhmxuxZETaqrUptsmpYAJMEpIMwuAWzp,1944-06-23,true
CTO,ZYJB3GQ1KH3MVZW5WX2P5,PAZRBCMPKmcDcLjVPqpsvujKQvgPCiCI,1999-03-04,false
Engineering Project Manager/Engineering Manager,L1XY43U3BBASY4I5AHZUR,sBrWQiUbRhJwRCgekolvjPIrQJpzaQh/,1921-03-20,true
Software Engineer,GO4VUWIQNLFD4T4IKMF45,iApcZbcIAyfCvTtsyDSsmtgbppuZhueW,1989-04-10,false
Engineering Project Manager/Engineering Manager,2HJU2WMQEE7KBRZ2EIUTX,SokmtLLYjMW/wzKDYrgqGSVtqiYyS/RK,1910-03-25,false
VP of Engineering/Director of Engineering,BO6OED3AOXLN2UEBGAGOR,yutWXNZwmlSaYJOCNotsovmFcoSjDOGX,1980-02-27,false
VP of Marketing,6IGOBJEK3VQXN1CJ67E5S,ztZiYoJBUnxPBMSXWnGbjCOKkeYwmRxn,1931-03-31,false
CEO,KFIAO161IBVWNC3MP7DIL,drGbccTcQORUYypTUnfzsywCjcxXgKYh,2013-01-17,false
Engineering Project Manager/Engineering Manager,P3BTMHQN2WZQ2WUTSBUCX,HrILgOuzJSnlRKFLzINlrrUEoFpbbCrI,2009-12-07,true
Intern Software Developer,4OYLD2V2XVHBN2T5NPFM6,eXT/NhvzIyXYibamJKqaqwmCbYihmazP,1974-02-01,false
Chief Architect,IVLGP4LPRGPR7D5HROZJB,kMAmAulnrrrSsSGxqDTWvTkjfYvLuGri,1983-09-14,true
VP of Engineering/Director of Engineering,LWLMFXYYGV3ZPVNN53WTP,TkUbwVphsMuKrMntHiiBhfvZBcThnvVF,1938-08-24,false
Chief Architect,LDL4F4CHTIZPYVUBNUDYP,SLDxJAYKwdLPhTdiXGTUCMkKCqzbmQgZ,1900-10-09,false
Product Manager,51E62DRD3OSUTY52SDKKF,DeYzDgWGwOqWucMIoescAdFZb/gklCRe,1907-01-26,false
CIO/Chief Digital Officer/Chief Innovation Officer,GFFBDFMZJF7N17HQAF6Z7,YIiAmCQHvdWzncGuJKZV/htoQSZtE/JT,1908-05-14,false
VP of Marketing,BRPG7D3VRG1J6IBFUDZGL,IsbIQ/BQuetjIZqXbjuuKd/VW/kx/GfF,1950-10-27,false
Product Manager,2JE425S73RWR66VUMPOP1,SkPpszHjuuuiBTbYNUQyGEuEkuiitLHn,2006-05-25,false
VP of Product Management/Head of Product,BAOKEOECXL4ASOXNP4JX6,iQuxzzmAdUSGQxhCBZnDOaXBtlbQknig,1986-10-15,false
CEO,GOPO143BU37GL1D5S1744,dERCLdaxOqEoHKIsETgAiVSMTpvjBOJf,1994-08-22,false
Software Developer,JKEN3GOWJB2LUZAADGRFJ,xHHbfCNZVkSiZDzMjqVntdZLwUhgWPEw,1988-02-21,true
Software Developer,FGCAK4G471USFTS65LQ2T,SauSBmIjyQXDgcpTgcsViyqthCRNHVCQ,1992-11-23,true
VP of Marketing,24ZOJ11K5HPIY5YW2O33S,TYzjlmqqnnBVpVwXcba/PVHBNEFeEZHf,1983-04-28,true
Junior Software Developer,2B2YCZM5FGFRGXS3TZ1QE,lCeFvHPejr/GASRsfoJTGmgsMydHaIyf,1912-10-18,false
Engineering Project Manager/Engineering Manager,C5SRUX3XO4BVRSFPZRT1K,VnMdxsySXmNIhwTQjMlwfEkqekpV/uLP,1981-03-25,false
Junior Software Developer,3PY7WCPPTOZUK7U6HFMIQ,WJVATpj/SSDNKKBTnkflCToZChaffRAU,1925-09-15,true
Principal Software Engineer,TMYKZ17LFAOV7YP6YTRIK,QrdvzFAiBRDSRQwTCJmMHFARHmfcekiH,1980-08-11,false
VP of Engineering/Director of Engineering,4IVVWRJKUMZ7Z4MZAMRL1,UeuyBDOXiVXUb/suMGLvuyySuSdyvrXZ,1945-10-31,true
Senior Software Engineer/Senior Software Developer,PVU4DJKN1BBO1ZEN14MZD,abjvzBruONntrQOnDAFEPToixMgDivxB,2001-06-24,true
Software Developer,OYYPHZ57IFFXFX57ET3IJ,PIgjAuhPAogzL/NrNneTLyqEOdCZmkly,1985-03-20,true
Software Engineer,TTLWVZCGHDOLSYSVZWLGD,yQMlTGxUpPMSZxKJxWQyGbSGksUBlvoK,1980-05-12,true
Technical Lead/Engineering Lead/Team Lead,MR63HTTQRXB5BGCLLEWJ3,iDRzUBC/JhJfkTNNiHVBUDxQMMUVpslc,1968-07-01,false
Software Architect,11Q372TVNJQPN76SUFT74,ibwtYiDUzvmqXksuYDjpdpwhKhoDNgQl,1974-12-31,true
Engineering Project Manager/Engineering Manager,GFC23WBNIFJIG4CTM4PXF,ByYsQdPdBNMvWfoByReDJHqQPskAhHQV,2017-04-30,false
CIO/Chief Digital Officer/Chief Innovation Officer,3WY2164B6KUQV7NDTMNJ7,oXPjseRkjVAKhCEppDfjxFgioNgXEQpG,2017-12-14,true
Junior Software Developer,VSOYR1IN133VUWJOOSM6G,gHhvfZSFDbYMjIGihKCRH/xsbBDTYkyo,1926-11-11,false
Engineering Project Manager/Engineering Manager,AKIFHJX7MESF1OAWKGI62,jJNGwRNgNuntXGpeDhtBkwZxmUcKPvem,1974-12-09,false
CEO,OFPHPOG16MZMPGBQ3M1HI,krKYXDeYTfdWkiUIcbMwPszCiQjVXjWT,1933-11-05,false
Product Manager,UE2WUSSAHQ2CG4FA67MEV,qvGobtrBUGhWZJCTacwBSwMMFMRmPmno,1998-02-19,false
Product Manager,Q4612H5EP1T4GRG1EN4Q5,wLlNYHdpymQcshoBqlcTywxUlAxSddt/,2016-01-17,false
Software Developer,SASR4B6C4VTPPW1IXCTMS,LG/NHpbjykclOXVIEekPAocdJE/PyQTm,2013-06-02,true
VP of Engineering/Director of Engineering,5EYTYKTONEVHXNYHANAJU,VDrUNoolGAFPaNeffqBImqzPuIxWIUIf,2003-05-29,true
Engineering Project Manager/Engineering Manager,FIKPFVUINSUZV4AHTTKZK,zjCXPBvOvffrixPBcGlKjPZpeVOzkCoR,1991-01-29,true
Intern Software Developer,QKX7YUEORUKB4SPI6WWGR,Dei/LoHUqnwXagOMeHonh/MxCRtpdNqB,2016-02-10,false
Junior Software Developer,7DGPWCAMS3UIGLBVKD6BW,BTWQFXrgregpEFTlTqsIdoeQzObWOthp,2008-10-13,false
Senior Software Engineer/Senior Software Developer,I1J1VVKF23HOX56VP37FV,bYsAhtLkPYULCkYLqzwruKgLQlNnhfCs,2007-12-12,true
VP of Marketing,2VVTCVZU457A1SXVA52ID,RAOgSykihjOLupEmobSCXUwzbhhCnZRi,1919-04-18,false
CEO,16I26IDBN1GJOH55MXEAJ,QwsEyEypDpKdrsMlTNWpsSSOkhKdByfs,1902-12-06,false
CIO/Chief Digital Officer/Chief Innovation Officer,53UCVQFWFHWA64OBVP5PV,ftguBSufHHBBPDmCUqSkLDbyIazhVqLw,1929-12-12,true
VP of Marketing,RB2RMFI35DN2ODPEVJAKA,LzawjPfLjWwRux/xZHyqQpRXwAellVfc,1924-11-29,false
VP of Product Management/Head of Product,FPABSJL2R41OHYAAR2E3H,tLpYlSaREhokaLnFWtLRIhjdzTiyDFCU,1953-10-25,true
Senior Software Engineer/Senior Software Developer,M2OIV1VPR5WA7OJRVOQ4H,ewnnYXGsZuoPWdoNWTSMpFPDeJsNf/Db,1954-07-13,false
Software Developer,JYN226XIWXMVGEQ1QEYO6,wllHaaSWfRmAwFIkqDCeIgcGcOALxehA,1969-12-02,true
CEO,LYHYKPFJ6AAPM1BUP7SHX,oAxNSQWSFNJ/TdYClFSAWquXPoOGZqqx,1933-10-26,true
Software Developer,UYBFHJYBBR5EEZZJOKC3C,WpDbRRhfvhhkNQWBCNdqGTbBFLXLPfbN,1978-12-08,true
Software Engineer,DMPWMQEL2MAZXC1JIFLXN,lQzZPSsSDsVqxWQbGnYkDvJeoKSSJCQr,2017-01-07,false
VP of Product Management/Head of Product,1JMWNZCJNQBL1Z35HEJFD,cStKQeHGPPsI/NyloWPlewsEkFYHJNm/,1997-02-05,true
Principal Software Engineer,5KVUFVLJRLW5HAECHT3WT,DlDtYoIFpUFyuiSPhaYJrCTrgRkdoxwN,1968-09-18,false
Technical Lead/Engineering Lead/Team Lead,R4OHNHVZMN43MDRZSINWC,fiGKjQocGJQVIdgSmZEnvWY/EFyqCaPa,1980-04-18,true
Junior Software Developer,T6VTBOQT4H2JNUZ7UMS2P,DVPYorkjcWQT/AVBRqpsZeLfoorhPkDc,1946-12-19,true
Engineering Project Manager/Engineering Manager,INDUFGD5RRTDXGXP6TXCB,jYjxBxJCfPcSxUxgWAvGhvEIxvYbraCI,1954-02-13,true
VP of Engineering/Director of Engineering,NJUV6PYOKP5SI6P7FMOXY,oYRIIXBDugRDzGOruMChJkuBiLdIcvfa,1947-04-25,true
VP of Marketing,XCGAK51VKWNFQYGDTSPZD,STkMynpwYkHpvQSEqdBMSWQmCztRESOl,1995-05-03,false
Software Developer,ADBWSOGEJ44TC7DRLT4J7,ZkILRgMvDqFGvNUrnhVVVYPKJxYlLQsu,1988-07-16,true
Software Architect,VUTWBBB1YC76ANZY36TFA,njgCtEfGUCnVxzQidDqcUuIpqzpUFoek,1989-03-14,true
Junior Software Developer,ULZWCQ42LW65NGVJHLIWF,NeTpXUpDuYSFUbAJogqqFiSzAgEvyGqR,1980-10-17,false
VP of Engineering/Director of Engineering,WX5X4HK4DMVE5W1SNA1JU,TGYtIGTRKwWXHvLoNVeHvOZJCdREiBeE,1917-08-17,false
Chief Architect,FAS74N3Q5NQQ3ICP1EORY,xZFELwZwhAoyiyMMkdCPiJbtegmejmoI,1937-04-16,true
Principal Software Engineer,K3JEWLSMLULVO6YLXGRT1,YkJkoZEsboCvnffZFDGPLqXCOmPaGOKd,1903-05-17,false
Software Engineer,SRZYBSPNU5PG1VJIL1CQE,nLZFsaVGpiTfpfeScBCkxEElUfjXORoB,1971-03-04,true
Principal Software Engineer,3V6YQOURBA7B2QF5Z2CSR,mnJGVODXPQeMvAFDrECBMtcIYjgMOTz/,1900-04-07,false
Software Architect,FEQ7Q3P63BBMV6OQJKFCD,dpDwkmzMMMOovtxaCUcvnWPnwE/TFuRP,1955-04-12,true
Engineering Project Manager/Engineering Manager,H2REI5NSGI2NVQC6HFIH1,BHULsRLslGPOxYuDbjrdsaZYPiWouPgY,2006-01-10,false
CEO,3GKDFQOOMVSXHCVUUOBGO,CYpQbfHzKPWcMOaSDtZIzBmuHwfwRqVJ,1950-12-17,false
Software Developer,1AA24QKYJFYAAGYDV1XO7,ebhnehXehJTwQPZcFHEVlWxRoQsIAsdF,1920-06-15,false
Junior Software Developer,MWBX43WUSKDALGZBBXORO,BpStfrSruMOeQzlqjdLAgLjIMIO/riXC,1939-05-12,true
Engineering Project Manager/Engineering Manager,BCBCWWTAFODU6HXFUCHUX,jNGorpaXSwWbynhylEOFlmYuEVyeeLHT,1909-06-18,true
VP of Product Management/Head of Product,EWRDHC4RS3PF6OMIRRU2Y,wBvtylvrkIIKHDzyukSLbLGLeMrNaAgX,1988-01-17,true
Technical Lead/Engineering Lead/Team Lead,11ED5B2UAJ3CTUC4BHA4K,dxrBjBvwCHUOCuCjCQqOr/OfFCbMnikM,2006-07-19,true
CTO,2DWTNZBG7ZEBLAXEBTD5D,qEHuUXRKngkcZLBXWoSGOveCOuzQiVAj,1997-08-13,true
Software Architect,322EQ6WRKYW5DYGDS7DO5,obzNxGHLCfFRrtPA/VeNreHyfCEaJhZn,1901-08-29,true
Principal Software Engineer,X7QDBMK4FWONQLYEDHYRN,/KiDzoiyBxisgouRIlgkspYxwBwnfYeb,1939-11-15,true
Principal Software Engineer,MDBMVBMHXBD2DTVYCKC5G,uaehWTbaurKdisxaSeLwyiMVpnBvbjPQ,1916-11-20,true
Software Architect,WM4LCSKFT1SOHOFNF4LLR,itawhjmIObIhOnk/JuzKZQpgGmUfZdqo,1937-02-14,true
Senior Software Engineer/Senior Software Developer,VGFGLR1B1RGYYXE3BUP4G,YODUGOKwKRtNJgghoWBCnhkjYylPIaDU,1966-01-03,false
Junior Software Developer,2TJZZYJKAFBEYFN2SH44O,QDxFFGhhZuvCeX/OlkwaVhmWZywVUsJm,1991-10-10,true
Engineering Project Manager/Engineering Manager,QL3FR32DS5P2SSYQJR7VT,YoBPlWjvZabLoNyUc/kcEAsVzWwsvqEg,1904-12-05,false
Technical Lead/Engineering Lead/Team Lead,JBSSS47JZCHB3FGB42NM4,/rMKniebcCkuvoqOlmOwABbJdmVeSxxf,1975-03-14,false
Product Manager,5VYJUPE6UFQZNENH1GM4E,CLiccFOQHnBXsCYDhuOP/YmVBtMCvDpM,1938-07-12,true
Engineering Project Manager/Engineering Manager,M5N7GYO2AVMZJZ1T3CH4L,uOoAhsAsWxuhJXkyvssrsbxZamjEwjvd,2009-10-20,true
Software Architect,UHAM31QLJTRMARL24XDWU,hcGp/WZnu/QNBUlbHgIVeyxanBTUgxWV,1901-09-07,true
Software Architect,HPLAR4MSXWFZ22OF2D23Y,wxrHZKNZbYDZyNFpSwZjjUZBeUvERMhB,1993-11-07,true
Software Architect,B2TJWQNXW7BU6WBYW515Y,sWtjRejsPMpwgaccFiOHJyFLpDBtWIrA,2018-05-01,true
Senior Software Engineer/Senior Software Developer,Q3RKQA6KBBAQ52F5NSWJX,gizDkhhoORvxutTmVMrtAPuFQoPIzYjR,2000-01-12,true
Product Manager,EFCF7DEOORPOJNIIVHIVM,odtgPoSJOUfS/uY/LVAikaCyNGQSdMaf,1991-03-19,true
Product Manager,WOC3VINHEJZZZ2NEYGSHJ,dxPXVWgxBkkrftUrCyEibmMyMZUmHBvU,1905-07-12,false
Principal Software Engineer,IVN23IYYR2UYCJBQBSAS4,fTwQUXpPvwRmpnYxJRREHCUhTgbYBadl,1991-07-08,false
CIO/Chief Digital Officer/Chief Innovation Officer,KR77SS4YJAF13MODNI3JP,ABJsgqcbzVOAlmFuTGDPwEhNGdiwfdfK,1960-04-12,false
Software Developer,X7Q7W5E4UHINHWMVVGY62,eLWSPKaRMbeywHASMtuOvIKKpvJeOlqK,2011-04-23,false
Senior Software Engineer/Senior Software Developer,UEZOV3DZ3C1B7AH1GFFSR,IpKliuCUlRcZKzyUynCfVHFRJynpXJbf,1922-09-14,true
VP of Marketing,E6JRVISRG5JLNVEIQWORJ,IOBJRxJKYpxxhnicgAICPDPKajEiXgsX,1992-02-17,true
Senior Software Engineer/Senior Software Developer,13JVCCURDRRPSWE7KJLHU,MNjagjKtscRWKIuNXmMabjsyriftCqiS,1968-04-13,false
Technical Lead/Engineering Lead/Team Lead,JCARFEYSVZX61RM2R2CDX,xtufeYwzHutUiQnPPAwTzJQlHLkxhTuG,1954-08-11,false
Engineering Project Manager/Engineering Manager,44DZV5OKJBS333ZFF5XMW,viGWHXyJLejyIUQNPBaSlfPPBucQpbGu,1909-08-18,true
Engineering Project Manager/Engineering Manager,JVOXCONVSEU65CTTD45Z7,VMTNJWkrUtrEXcDuDhOyznYMEGQzzQnC,1950-05-18,true
Intern Software Developer,4KU1GPMDJXOWX4KGO1VA6,JjdFLnpLKhRacJYUCZPzEwyHUdhmuMvS,1938-01-02,false
CTO,1CC3Q1VRYSEBHDYZVPE2R,HltBJAGRAfrnezNoPBhwNUSYipdnLCHA,1998-03-28,false
Software Developer,I3S6KC32FCGD5T2VAJRVD,OQXPbbWaDBjAiJCQCzuMZCjkuYbwLvmT,1947-12-30,true
Principal Software Engineer,EHCODUNXBRQGUEV51NZR1,JHjTGGTWp/QrqTstfmzuFcWsReiiuobf,1947-01-17,true
Chief Architect,B5NLMJQUP1IGJF1W3UNXL,VEFAKSWNvwYJqxJzcRtlLgAlcAJvOrXc,2001-06-29,false
Intern Software Developer,UFQ7DHUCRBUHGJAI6LUHG,PhNCaXj//uKWjxYFLAvFUlPDoZCdUieE,1975-12-14,false
VP of Engineering/Director of Engineering,SWHL2TDIR2TUO24MCJ146,MNNFZCiBzxJZXUmLacBjAueHPKxGqCKk,2004-05-16,true
VP of Product Management/Head of Product,IKG7AR7424IES7NAQ3OHO,MOUIcoYTPJZWWcHcTQyhRugsSQmvSLKh,1926-09-11,false
Chief Architect,5MQQNGGKSH5WS3ZI3WBJ2,ZEhRuPHTjcPGBpDxkrCKypYBaTaixhtn,1953-05-09,false
CTO,DGMV3GCCWXWFDSQWU2IZ5,yfceEBpBBqSf/AcAXdLHcV/ONTbEhDwQ,1995-06-21,true
Intern Software Developer,SVT4WUX15JLASCE5ZECUR,fGXyvAdbZKqEfHgZgqgfTQG/xZDCJFih,1983-06-21,false
Chief Architect,IDNQ1HN1WNPV23FC6WSA5,QZyIPUsWllvAplNRKLOviHszIARgocbt,1956-01-24,true